Code,Aspect,Linked Aspect IDs
AC9E1LA01,"Students interact with others, and listen to and create short spoken texts including recounts of stories.",Year1-AS-4833
AC9E1LA02,"They sequence ideas and use language features including topic-specific vocabulary and features of voice., They share ideas and retell or adapt familiar stories, recount or report on events or experiences, and express opinions using a small number of details from learnt topics, topics of interest or texts.","Year1-AS-8445, Year1-AS-8680"
AC9E1LA03,"They identify the text structures of familiar narrative and informative texts, and their language features and visual features., They report information and experiences, and express opinions.","Year1-AS-721, Year1-AS-9042"
AC9E1LA04,"They identify the text structures of familiar narrative and informative texts, and their language features and visual features.",Year1-AS-721
AC9E1LA05,"They create short written and/or multimodal texts including recounts of stories with events and characters., They identify the text structures of familiar narrative and informative texts, and their language features and visual features.","Year1-AS-2, Year1-AS-721"
AC9E1LA06,"They identify the text structures of familiar narrative and informative texts, and their language features and visual features., They write simple sentences with sentence boundary punctuation and capital letters for proper nouns.","Year1-AS-6800, Year1-AS-721"
AC9E1LA07,"They identify the text structures of familiar narrative and informative texts, and their language features and visual features., They write simple sentences with sentence boundary punctuation and capital letters for proper nouns.","Year1-AS-6800, Year1-AS-721"
AC9E1LA08,"They identify the text structures of familiar narrative and informative texts, and their language features and visual features., They read, view and comprehend texts, monitoring meaning and making connections between the depiction of characters, setting and events, and to personal experiences.","Year1-AS-721, Year1-AS-9965"
AC9E1LA09,"They identify the text structures of familiar narrative and informative texts, and their language features and visual features., They read, view and comprehend texts, monitoring meaning and making connections between the depiction of characters, setting and events, and to personal experiences., They sequence ideas and use language features including topic-specific vocabulary and features of voice., They use topic-specific vocabulary.","Year1-AS-5660, Year1-AS-721, Year1-AS-8445, Year1-AS-9965"
AC9E1LA10,"They identify the text structures of familiar narrative and informative texts, and their language features and visual features., They use sentence boundary punctuation to read with developing phrasing and fluency., They write simple sentences with sentence boundary punctuation and capital letters for proper nouns.","Year1-AS-4903, Year1-AS-6800, Year1-AS-721"
AC9E1LE01,"Ideas in their texts may be informative or imaginative and include a small number of details from learnt topics, topics of interest or texts., They identify the text structures of familiar narrative and informative texts, and their language features and visual features., They read, view and comprehend texts, monitoring meaning and making connections between the depiction of characters, setting and events, and to personal experiences., They share ideas and retell or adapt familiar stories, recount or report on events or experiences, and express opinions using a small number of details from learnt topics, topics of interest or texts.","Year1-AS-1357, Year1-AS-721, Year1-AS-8680, Year1-AS-9965"
AC9E1LE02,"Students interact with others, and listen to and create short spoken texts including recounts of stories., They read, view and comprehend texts, monitoring meaning and making connections between the depiction of characters, setting and events, and to personal experiences., They report information and experiences, and express opinions., They share ideas and retell or adapt familiar stories, recount or report on events or experiences, and express opinions using a small number of details from learnt topics, topics of interest or texts.","Year1-AS-4833, Year1-AS-8680, Year1-AS-9042, Year1-AS-9965"
AC9E1LE03,"They create short written and/or multimodal texts including recounts of stories with events and characters., They identify the text structures of familiar narrative and informative texts, and their language features and visual features., They read, view and comprehend texts, monitoring meaning and making connections between the depiction of characters, setting and events, and to personal experiences.","Year1-AS-2, Year1-AS-721, Year1-AS-9965"
AC9E1LE04,"Students interact with others, and listen to and create short spoken texts including recounts of stories., They share ideas and retell or adapt familiar stories, recount or report on events or experiences, and express opinions using a small number of details from learnt topics, topics of interest or texts.","Year1-AS-4833, Year1-AS-8680"
AC9E1LE05,"Students interact with others, and listen to and create short spoken texts including recounts of stories., They create short written and/or multimodal texts including recounts of stories with events and characters., They sequence ideas and use language features including topic-specific vocabulary and features of voice., They share ideas and retell or adapt familiar stories, recount or report on events or experiences, and express opinions using a small number of details from learnt topics, topics of interest or texts., They use topic-specific vocabulary.","Year1-AS-2, Year1-AS-4833, Year1-AS-5660, Year1-AS-8445, Year1-AS-8680"
AC9E1LY01,"They identify the text structures of familiar narrative and informative texts, and their language features and visual features.",Year1-AS-721
AC9E1LY02,"Students interact with others, and listen to and create short spoken texts including recounts of stories., They share ideas and retell or adapt familiar stories, recount or report on events or experiences, and express opinions using a small number of details from learnt topics, topics of interest or texts.","Year1-AS-4833, Year1-AS-8680"
AC9E1LY03,"They identify the text structures of familiar narrative and informative texts, and their language features and visual features., They read, view and comprehend texts, monitoring meaning and making connections between the depiction of characters, setting and events, and to personal experiences.","Year1-AS-721, Year1-AS-9965"
AC9E1LY04,"They blend short vowels, common long vowels, consonants and digraphs to read one-syllable words., They read one- and two- syllable words with common letter patterns, and an increasing number of high-frequency words., They read, view and comprehend texts, monitoring meaning and making connections between the depiction of characters, setting and events, and to personal experiences., They use sentence boundary punctuation to read with developing phrasing and fluency.","Year1-AS-2951, Year1-AS-4399, Year1-AS-4903, Year1-AS-9965"
AC9E1LY05,"Students interact with others, and listen to and create short spoken texts including recounts of stories., They read, view and comprehend texts, monitoring meaning and making connections between the depiction of characters, setting and events, and to personal experiences.","Year1-AS-4833, Year1-AS-9965"
AC9E1LY06,"Ideas in their texts may be informative or imaginative and include a small number of details from learnt topics, topics of interest or texts., They create short written and/or multimodal texts including recounts of stories with events and characters., They report information and experiences, and express opinions., They spell most one- and two- syllable words with common letter patterns and common grammatical morphemes, and an increasing number of high-frequency words., They use topic-specific vocabulary., They write simple sentences with sentence boundary punctuation and capital letters for proper nouns.","Year1-AS-1357, Year1-AS-2, Year1-AS-5660, Year1-AS-6800, Year1-AS-9042, Year1-AS-93"
AC9E1LY07,"Students interact with others, and listen to and create short spoken texts including recounts of stories., They sequence ideas and use language features including topic-specific vocabulary and features of voice., They share ideas and retell or adapt familiar stories, recount or report on events or experiences, and express opinions using a small number of details from learnt topics, topics of interest or texts.","Year1-AS-4833, Year1-AS-8445, Year1-AS-8680"
AC9E1LY08,They write words using unjoined upper-case and lower-case letters.,Year1-AS-8735
AC9E1LY09,"They read one- and two- syllable words with common letter patterns, and an increasing number of high-frequency words.",Year1-AS-4399
AC9E1LY10,"They blend short vowels, common long vowels, consonants and digraphs to read one-syllable words., They read one- and two- syllable words with common letter patterns, and an increasing number of high-frequency words.","Year1-AS-2951, Year1-AS-4399"
AC9E1LY11,"They blend short vowels, common long vowels, consonants and digraphs to read one-syllable words., They read one- and two- syllable words with common letter patterns, and an increasing number of high-frequency words., They spell most one- and two- syllable words with common letter patterns and common grammatical morphemes, and an increasing number of high-frequency words.","Year1-AS-2951, Year1-AS-4399, Year1-AS-93"
AC9E1LY12,"They read one- and two- syllable words with common letter patterns, and an increasing number of high-frequency words., They spell most one- and two- syllable words with common letter patterns and common grammatical morphemes, and an increasing number of high-frequency words.","Year1-AS-4399, Year1-AS-93"
AC9E1LY13,"They spell most one- and two- syllable words with common letter patterns and common grammatical morphemes, and an increasing number of high-frequency words.",Year1-AS-93
AC9E1LY14,"They read one- and two- syllable words with common letter patterns, and an increasing number of high-frequency words., They spell most one- and two- syllable words with common letter patterns and common grammatical morphemes, and an increasing number of high-frequency words.","Year1-AS-4399, Year1-AS-93"
AC9E1LY15,"They spell most one- and two- syllable words with common letter patterns and common grammatical morphemes, and an increasing number of high-frequency words.",Year1-AS-93
AC9E2LA01,"Students interact with others, and listen to and create spoken texts including stories.",Year2-AS-8822
AC9E2LA02,"They create written and/or multimodal texts including stories to inform, express an opinion, adapt an idea or narrate for audiences., They organise and link ideas, and use language features including topic-specific vocabulary and features of voice., They share ideas, topic knowledge and appreciation of texts when they recount, inform or express an opinion, including details from learnt topics, topics of interest or texts.","Year2-AS-1132, Year2-AS-1724, Year2-AS-9971"
AC9E2LA03,"They describe how similar topics and information are presented through the structure of narrative and informative texts, and identify their language features and visual features., They organise and link ideas, and use language features including topic-specific vocabulary and features of voice., They use text structures to organise and link ideas for a purpose.","Year2-AS-1724, Year2-AS-6476, Year2-AS-8841"
AC9E2LA04,"They describe how similar topics and information are presented through the structure of narrative and informative texts, and identify their language features and visual features., They use text structures to organise and link ideas for a purpose.","Year2-AS-6476, Year2-AS-8841"
AC9E2LA05,"They describe how similar topics and information are presented through the structure of narrative and informative texts, and identify their language features and visual features., They read, view and comprehend texts, identifying literal and inferred meaning, and how ideas are presented through characters and events.","Year2-AS-7457, Year2-AS-8841"
AC9E2LA06,"They describe how similar topics and information are presented through the structure of narrative and informative texts, and identify their language features and visual features., They punctuate simple and compound sentences., They read, view and comprehend texts, identifying literal and inferred meaning, and how ideas are presented through characters and events.","Year2-AS-4307, Year2-AS-7457, Year2-AS-8841"
AC9E2LA07,"They describe how similar topics and information are presented through the structure of narrative and informative texts, and identify their language features and visual features., They punctuate simple and compound sentences., They read, view and comprehend texts, identifying literal and inferred meaning, and how ideas are presented through characters and events.","Year2-AS-4307, Year2-AS-7457, Year2-AS-8841"
AC9E2LA08,"They create written and/or multimodal texts including stories to inform, express an opinion, adapt an idea or narrate for audiences., They describe how similar topics and information are presented through the structure of narrative and informative texts, and identify their language features and visual features., They read, view and comprehend texts, identifying literal and inferred meaning, and how ideas are presented through characters and events.","Year2-AS-1132, Year2-AS-7457, Year2-AS-8841"
AC9E2LA09,"They organise and link ideas, and use language features including topic-specific vocabulary and features of voice., They use topic-specific vocabulary.","Year2-AS-1724, Year2-AS-5660"
AC9E2LA10,"They describe how similar topics and information are presented through the structure of narrative and informative texts, and identify their language features and visual features., They punctuate simple and compound sentences., They use punctuation for phrasing and fluency.","Year2-AS-4307, Year2-AS-5330, Year2-AS-8841"
AC9E2LE01,"They create written and/or multimodal texts including stories to inform, express an opinion, adapt an idea or narrate for audiences., They describe how similar topics and information are presented through the structure of narrative and informative texts, and identify their language features and visual features., They read, view and comprehend texts, identifying literal and inferred meaning, and how ideas are presented through characters and events., They share ideas, topic knowledge and appreciation of texts when they recount, inform or express an opinion, including details from learnt topics, topics of interest or texts.","Year2-AS-1132, Year2-AS-7457, Year2-AS-8841, Year2-AS-9971"
AC9E2LE02,"They create written and/or multimodal texts including stories to inform, express an opinion, adapt an idea or narrate for audiences., They share ideas, topic knowledge and appreciation of texts when they recount, inform or express an opinion, including details from learnt topics, topics of interest or texts.","Year2-AS-1132, Year2-AS-9971"
AC9E2LE03,"Students interact with others, and listen to and create spoken texts including stories., They describe how similar topics and information are presented through the structure of narrative and informative texts, and identify their language features and visual features., They read, view and comprehend texts, identifying literal and inferred meaning, and how ideas are presented through characters and events., They share ideas, topic knowledge and appreciation of texts when they recount, inform or express an opinion, including details from learnt topics, topics of interest or texts.","Year2-AS-7457, Year2-AS-8822, Year2-AS-8841, Year2-AS-9971"
AC9E2LE04,"They organise and link ideas, and use language features including topic-specific vocabulary and features of voice.",Year2-AS-1724
AC9E2LE05,"Students interact with others, and listen to and create spoken texts including stories., They create written and/or multimodal texts including stories to inform, express an opinion, adapt an idea or narrate for audiences., They use text structures to organise and link ideas for a purpose.","Year2-AS-1132, Year2-AS-1724, Year2-AS-6476, Year2-AS-8822"
AC9E2LE05,"They organise and link ideas, and use language features including topic-specific vocabulary and features of voice.","Year2-AS-1132, Year2-AS-1724, Year2-AS-6476, Year2-AS-8822"
AC9E2LY01,"They describe how similar topics and information are presented through the structure of narrative and informative texts, and identify their language features and visual features., They read, view and comprehend texts, identifying literal and inferred meaning, and how ideas are presented through characters and events.","Year2-AS-7457, Year2-AS-8841"
AC9E2LY02,"Students interact with others, and listen to and create spoken texts including stories., They share ideas, topic knowledge and appreciation of texts when they recount, inform or express an opinion, including details from learnt topics, topics of interest or texts.","Year2-AS-8822, Year2-AS-9971"
AC9E2LY03,"They describe how similar topics and information are presented through the structure of narrative and informative texts, and identify their language features and visual features., They read, view and comprehend texts, identifying literal and inferred meaning, and how ideas are presented through characters and events.","Year2-AS-7457, Year2-AS-8841"
AC9E2LY04,"They read, view and comprehend texts, identifying literal and inferred meaning, and how ideas are presented through characters and events., They use phonic and morphemic knowledge, and grammatical patterns to read unfamiliar words and most high-frequency words., They use punctuation for phrasing and fluency.","Year2-AS-2591, Year2-AS-5330, Year2-AS-7457"
AC9E2LY05,"Students interact with others, and listen to and create spoken texts including stories., They read, view and comprehend texts, identifying literal and inferred meaning, and how ideas are presented through characters and events.","Year2-AS-7457, Year2-AS-8822"
AC9E2LY06,"They create written and/or multimodal texts including stories to inform, express an opinion, adapt an idea or narrate for audiences., They punctuate simple and compound sentences., They spell words with regular spelling patterns, and use phonic and morphemic knowledge to attempt to spell words with less common patterns., They use text structures to organise and link ideas for a purpose., They use topic-specific vocabulary.","Year2-AS-1132, Year2-AS-4307, Year2-AS-4559, Year2-AS-5660, Year2-AS-6476"
AC9E2LY07,"Students interact with others, and listen to and create spoken texts including stories., They organise and link ideas, and use language features including topic-specific vocabulary and features of voice., They share ideas, topic knowledge and appreciation of texts when they recount, inform or express an opinion, including details from learnt topics, topics of interest or texts.","Year2-AS-1724, Year2-AS-8822, Year2-AS-9971"
AC9E2LY08,They write words using consistently legible unjoined letters.,Year2-AS-2218
AC9E2LY09,"They spell words with regular spelling patterns, and use phonic and morphemic knowledge to attempt to spell words with less common patterns., They use phonic and morphemic knowledge, and grammatical patterns to read unfamiliar words and most high-frequency words.","Year2-AS-2591, Year2-AS-4559"
AC9E2LY10,"They spell words with regular spelling patterns, and use phonic and morphemic knowledge to attempt to spell words with less common patterns., They use phonic and morphemic knowledge, and grammatical patterns to read unfamiliar words and most high-frequency words.","Year2-AS-2591, Year2-AS-4559"
AC9E2LY11,"They spell words with regular spelling patterns, and use phonic and morphemic knowledge to attempt to spell words with less common patterns., They use phonic and morphemic knowledge, and grammatical patterns to read unfamiliar words and most high-frequency words.","Year2-AS-2591, Year2-AS-4559"
AC9E2LY12,"They spell words with regular spelling patterns, and use phonic and morphemic knowledge to attempt to spell words with less common patterns., They use phonic and morphemic knowledge, and grammatical patterns to read unfamiliar words and most high-frequency words.","Year2-AS-2591, Year2-AS-4559"
AC9E3LA01,"Students interact with others, and listen to and create spoken and/or multimodal texts including stories.","Year3-AS-9767, Year4-AS-9767"
AC9E3LA02,"They describe the language features of texts including topic-specific vocabulary and literary devices, and how visual features extend meaning., They relate ideas; express opinion, preferences and appreciation of texts; and include relevant details from learnt topics, topics of interest or texts., They use language features including topic-specific vocabulary, and/or visual features and features of voice., They use text structures including paragraphs, and language features including compound sentences, topic-specific vocabulary and literary devices, and/or visual features.","Year3-AS-4477, Year3-AS-5312, Year3-AS-7796, Year3-AS-994"
AC9E3LA03,"They describe how texts are structured and presented., They describe the language features of texts including topic-specific vocabulary and literary devices, and how visual features extend meaning., They group, logically sequence and link ideas., They read, view and comprehend texts, recognising their purpose and audience., They use language features including topic-specific vocabulary, and/or visual features and features of voice., They use text structures including paragraphs, and language features including compound sentences, topic-specific vocabulary and literary devices, and/or visual features.","Year3-AS-3926, Year3-AS-4477, Year3-AS-4698, Year3-AS-77, Year3-AS-7796, Year3-AS-994"
AC9E3LA04,"They describe how texts are structured and presented., They group, logically sequence and link ideas., They read, view and comprehend texts, recognising their purpose and audience., They use text structures including paragraphs, and language features including compound sentences, topic-specific vocabulary and literary devices, and/or visual features.","Year3-AS-3926, Year3-AS-4698, Year3-AS-77, Year3-AS-994"
AC9E3LA05,"They describe how texts are structured and presented., They read, view and comprehend texts, recognising their purpose and audience., They use text structures including paragraphs, and language features including compound sentences, topic-specific vocabulary and literary devices, and/or visual features.","Year3-AS-3926, Year3-AS-4698, Year3-AS-994"
AC9E3LA06,"They describe the language features of texts including topic-specific vocabulary and literary devices, and how visual features extend meaning., They use text structures including paragraphs, and language features including compound sentences, topic-specific vocabulary and literary devices, and/or visual features.","Year3-AS-7796, Year3-AS-994"
AC9E3LA07,"They describe the language features of texts including topic-specific vocabulary and literary devices, and how visual features extend meaning., They relate ideas; express opinion, preferences and appreciation of texts; and include relevant details from learnt topics, topics of interest or texts., They use text structures including paragraphs, and language features including compound sentences, topic-specific vocabulary and literary devices, and/or visual features.","Year3-AS-5312, Year3-AS-7796, Year3-AS-994"
AC9E3LA08,"They describe the language features of texts including topic-specific vocabulary and literary devices, and how visual features extend meaning., They use text structures including paragraphs, and language features including compound sentences, topic-specific vocabulary and literary devices, and/or visual features.","Year3-AS-7796, Year3-AS-994"
AC9E3LA09,"They describe how stories are developed through characters and/or events., They describe the language features of texts including topic-specific vocabulary and literary devices, and how visual features extend meaning., They identify literal meaning and explain inferred meaning., They read, view and comprehend texts, recognising their purpose and audience., They use language features including topic-specific vocabulary, and/or visual features and features of voice., They use text structures including paragraphs, and language features including compound sentences, topic-specific vocabulary and literary devices, and/or visual features.","Year3-AS-3926, Year3-AS-4477, Year3-AS-6612, Year3-AS-7034, Year3-AS-7796, Year3-AS-994"
AC9E3LA10,"They describe the language features of texts including topic-specific vocabulary and literary devices, and how visual features extend meaning., They use language features including topic-specific vocabulary, and/or visual features and features of voice., They use text structures including paragraphs, and language features including compound sentences, topic-specific vocabulary and literary devices, and/or visual features.","Year3-AS-4477, Year3-AS-7796, Year3-AS-994"
AC9E3LA11,"They describe the language features of texts including topic-specific vocabulary and literary devices, and how visual features extend meaning., They use text structures including paragraphs, and language features including compound sentences, topic-specific vocabulary and literary devices, and/or visual features.","Year3-AS-7796, Year3-AS-994"
AC9E3LE01,"They describe the language features of texts including topic-specific vocabulary and literary devices, and how visual features extend meaning., They identify literal meaning and explain inferred meaning., They read, view and comprehend texts, recognising their purpose and audience., They relate ideas; express opinion, preferences and appreciation of texts; and include relevant details from learnt topics, topics of interest or texts.","Year3-AS-3926, Year3-AS-5312, Year3-AS-7034, Year3-AS-7796"
AC9E3LE02,"Students interact with others, and listen to and create spoken and/or multimodal texts including stories., They create written and/or multimodal texts including stories to inform, narrate, explain or argue for audiences, relating ideas including relevant details from learnt topics, topics of interest or texts., They relate ideas; express opinion, preferences and appreciation of texts; and include relevant details from learnt topics, topics of interest or texts.","Year3-AS-5312, Year3-AS-7849, Year3-AS-9767"
AC9E3LE03,"They describe how stories are developed through characters and/or events., They describe the language features of texts including topic-specific vocabulary and literary devices, and how visual features extend meaning., They read, view and comprehend texts, recognising their purpose and audience., They relate ideas; express opinion, preferences and appreciation of texts; and include relevant details from learnt topics, topics of interest or texts.","Year3-AS-3926, Year3-AS-5312, Year3-AS-6612, Year3-AS-7796"
AC9E3LE04,"They describe the language features of texts including topic-specific vocabulary and literary devices, and how visual features extend meaning., They read, view and comprehend texts, recognising their purpose and audience., They relate ideas; express opinion, preferences and appreciation of texts; and include relevant details from learnt topics, topics of interest or texts.","Year3-AS-3926, Year3-AS-5312, Year3-AS-7796"
AC9E3LE05,"Students interact with others, and listen to and create spoken and/or multimodal texts including stories., They create written and/or multimodal texts including stories to inform, narrate, explain or argue for audiences, relating ideas including relevant details from learnt topics, topics of interest or texts., They group, logically sequence and link ideas., They use language features including topic-specific vocabulary, and/or visual features and features of voice., They use text structures including paragraphs, and language features including compound sentences, topic-specific vocabulary and literary devices, and/or visual features.","Year3-AS-4477, Year3-AS-77, Year3-AS-7849, Year3-AS-9767, Year3-AS-994"
AC9E3LY01,"They describe how stories are developed through characters and/or events., They describe how texts are structured and presented., They describe the language features of texts including topic-specific vocabulary and literary devices, and how visual features extend meaning., They read, view and comprehend texts, recognising their purpose and audience.","Year3-AS-3926, Year3-AS-4698, Year3-AS-6612, Year3-AS-7796"
AC9E3LY02,"Students interact with others, and listen to and create spoken and/or multimodal texts including stories.","Year3-AS-5312, Year3-AS-9767, Year4-AS-9767"
AC9E3LY02,"They relate ideas; express opinion, preferences and appreciation of texts; and include relevant details from learnt topics, topics of interest or texts.","Year3-AS-5312, Year3-AS-9767, Year4-AS-9767"
AC9E3LY03,"They describe how stories are developed through characters and/or events., They describe the language features of texts including topic-specific vocabulary and literary devices, and how visual features extend meaning., They read, view and comprehend texts, recognising their purpose and audience.","Year3-AS-3926, Year3-AS-6612, Year3-AS-7796"
AC9E3LY04,"They read fluently, using phonic, morphemic and grammatical knowledge to read multisyllabic words with more complex letter patterns., They read, view and comprehend texts, recognising their purpose and audience.","Year3-AS-1436, Year3-AS-3926"
AC9E3LY05,"Students interact with others, and listen to and create spoken and/or multimodal texts including stories., They describe how texts are structured and presented., They identify literal meaning and explain inferred meaning., They read, view and comprehend texts, recognising their purpose and audience.","Year3-AS-3926, Year3-AS-4698, Year3-AS-7034, Year3-AS-9767"
AC9E3LY06,"They spell multisyllabic words using phonic and morphemic knowledge, and high-frequency words., They use text structures including paragraphs, and language features including compound sentences, topic-specific vocabulary and literary devices, and/or visual features.","Year3-AS-1942, Year3-AS-7849, Year3-AS-994"
AC9E3LY06,"They create written and/or multimodal texts including stories to inform, narrate, explain or argue for audiences, relating ideas including relevant details from learnt topics, topics of interest or texts.","Year3-AS-1942, Year3-AS-7849, Year3-AS-994"
AC9E3LY07,"Students interact with others, and listen to and create spoken and/or multimodal texts including stories., They group, logically sequence and link ideas., They relate ideas; express opinion, preferences and appreciation of texts; and include relevant details from learnt topics, topics of interest or texts., They use language features including topic-specific vocabulary, and/or visual features and features of voice.","Year3-AS-4477, Year3-AS-5312, Year3-AS-77, Year3-AS-9767"
AC9E3LY08,They write texts using letters that are accurately formed and consistent in size.,Year3-AS-3749
AC9E3LY09,"They read fluently, using phonic, morphemic and grammatical knowledge to read multisyllabic words with more complex letter patterns., They spell multisyllabic words using phonic and morphemic knowledge, and high-frequency words.","Year3-AS-1436, Year3-AS-1942"
AC9E3LY10,"They read fluently, using phonic, morphemic and grammatical knowledge to read multisyllabic words with more complex letter patterns.",Year3-AS-1436
AC9E3LY11,"They spell multisyllabic words using phonic and morphemic knowledge, and high-frequency words.",Year3-AS-1942
AC9E3LY12,"They spell multisyllabic words using phonic and morphemic knowledge, and high-frequency words.",Year3-AS-1942
AC9E4LA01,"Students interact with others, and listen to and create spoken and/or multimodal texts including stories.","Year3-AS-9767, Year4-AS-9767"
AC9E4LA02,"They describe how language features including literary devices, and visual features shape meaning., They use language features including subjective and objective language, topic-specific vocabulary and literary devices, and/or visual features and features of voice.","Year4-AS-4170, Year4-AS-5015, Year4-AS-928"
AC9E4LA02,"They share and extend ideas, opinions and information with audiences, using relevant details from learnt topics, topics of interest or texts.","Year4-AS-4170, Year4-AS-5015, Year4-AS-928"
AC9E4LA03,"They create written and/or multimodal texts including stories for purposes and audiences, where they develop ideas using details from learnt topics, topics of interest or texts., They describe how ideas are developed including through characters and events, and how texts reflect contexts., They describe how language features including literary devices, and visual features shape meaning., They describe the characteristic features of different text structures., They use language features including complex sentences, topic-specific vocabulary and literary devices, and/or visual features., They use language features including subjective and objective language, topic-specific vocabulary and literary devices, and/or visual features and features of voice., They use paragraphs to organise and link ideas., They use text structures to organise and link ideas.","Year4-AS-2446, Year4-AS-3318, Year4-AS-4170, Year4-AS-5015, Year4-AS-5067, Year4-AS-60, Year4-AS-8934, Year4-AS-9414"
AC9E4LA04,"They create written and/or multimodal texts including stories for purposes and audiences, where they develop ideas using details from learnt topics, topics of interest or texts., They describe how ideas are developed including through characters and events, and how texts reflect contexts., They describe the characteristic features of different text structures., They use paragraphs to organise and link ideas., They use text structures to organise and link ideas.","Year4-AS-2446, Year4-AS-3318, Year4-AS-60, Year4-AS-8934, Year4-AS-9414"
AC9E4LA05,"They describe the characteristic features of different text structures., They read, view and comprehend texts created to inform, influence and/or engage audiences.","Year4-AS-1871, Year4-AS-2446"
AC9E4LA06,"They create written and/or multimodal texts including stories for purposes and audiences, where they develop ideas using details from learnt topics, topics of interest or texts., They describe how ideas are developed including through characters and events, and how texts reflect contexts., They describe how language features including literary devices, and visual features shape meaning., They use language features including complex sentences, topic-specific vocabulary and literary devices, and/or visual features.","Year4-AS-3318, Year4-AS-4170, Year4-AS-5067, Year4-AS-8934"
AC9E4LA07,"They create written and/or multimodal texts including stories for purposes and audiences, where they develop ideas using details from learnt topics, topics of interest or texts., They describe how ideas are developed including through characters and events, and how texts reflect contexts., They describe how language features including literary devices, and visual features shape meaning., They read, view and comprehend texts created to inform, influence and/or engage audiences., They use language features including complex sentences, topic-specific vocabulary and literary devices, and/or visual features.","Year4-AS-1871, Year4-AS-3318, Year4-AS-4170, Year4-AS-5067, Year4-AS-8934"
AC9E4LA08,"They create written and/or multimodal texts including stories for purposes and audiences, where they develop ideas using details from learnt topics, topics of interest or texts., They describe how ideas are developed including through characters and events, and how texts reflect contexts., They describe how language features including literary devices, and visual features shape meaning., They use language features including complex sentences, topic-specific vocabulary and literary devices, and/or visual features.","Year4-AS-3318, Year4-AS-4170, Year4-AS-5067, Year4-AS-8934"
AC9E4LA09,"They describe how language features including literary devices, and visual features shape meaning., They spell words including multisyllabic and multimorphemic words with irregular spelling patterns, using phonic, morphemic and grammatical knowledge., They use language features including complex sentences, topic-specific vocabulary and literary devices, and/or visual features.","Year4-AS-4170, Year4-AS-4250, Year4-AS-5067"
AC9E4LA10,"They create written and/or multimodal texts including stories for purposes and audiences, where they develop ideas using details from learnt topics, topics of interest or texts., They describe how language features including literary devices, and visual features shape meaning., They read, view and comprehend texts created to inform, influence and/or engage audiences., They use language features including complex sentences, topic-specific vocabulary and literary devices, and/or visual features.","Year4-AS-1871, Year4-AS-4170, Year4-AS-5067, Year4-AS-8934"
AC9E4LA11,"They describe how language features including literary devices, and visual features shape meaning., They read, view and comprehend texts created to inform, influence and/or engage audiences., They use language features including complex sentences, topic-specific vocabulary and literary devices, and/or visual features., They use language features including subjective and objective language, topic-specific vocabulary and literary devices, and/or visual features and features of voice.","Year4-AS-1871, Year4-AS-4170, Year4-AS-5015, Year4-AS-5067"
AC9E4LA12,"They describe how language features including literary devices, and visual features shape meaning., They read fluently and accurately, integrating phonic, morphemic, grammatical and punctuation knowledge., They use language features including complex sentences, topic-specific vocabulary and literary devices, and/or visual features.","Year4-AS-4170, Year4-AS-5067, Year4-AS-5193"
AC9E4LE01,"They describe how ideas are developed including through characters and events, and how texts reflect contexts., They read, view and comprehend texts created to inform, influence and/or engage audiences.","Year4-AS-1871, Year4-AS-3318"
AC9E4LE02,"They share and extend ideas, opinions and information with audiences, using relevant details from learnt topics, topics of interest or texts.",Year4-AS-928
AC9E4LE03,"They describe how ideas are developed including through characters and events, and how texts reflect contexts., They describe how language features including literary devices, and visual features shape meaning., They read, view and comprehend texts created to inform, influence and/or engage audiences., They share and extend ideas, opinions and information with audiences, using relevant details from learnt topics, topics of interest or texts.","Year4-AS-1871, Year4-AS-3318, Year4-AS-4170, Year4-AS-928"
AC9E4LE04,"Students interact with others, and listen to and create spoken and/or multimodal texts including stories., They describe how language features including literary devices, and visual features shape meaning., They read, view and comprehend texts created to inform, influence and/or engage audiences., They share and extend ideas, opinions and information with audiences, using relevant details from learnt topics, topics of interest or texts., They use language features including subjective and objective language, topic-specific vocabulary and literary devices, and/or visual features and features of voice.","Year4-AS-1871, Year4-AS-4170, Year4-AS-5015, Year4-AS-928, Year4-AS-9767"
AC9E4LE05,"Students interact with others, and listen to and create spoken and/or multimodal texts including stories., They create written and/or multimodal texts including stories for purposes and audiences, where they develop ideas using details from learnt topics, topics of interest or texts., They use language features including complex sentences, topic-specific vocabulary and literary devices, and/or visual features., They use paragraphs to organise and link ideas., They use text structures to organise and link ideas.","Year4-AS-5067, Year4-AS-60, Year4-AS-8934, Year4-AS-9414, Year4-AS-9767"
AC9E4LY01,"They describe how ideas are developed including through characters and events, and how texts reflect contexts., They read, view and comprehend texts created to inform, influence and/or engage audiences.","Year4-AS-1871, Year4-AS-3318"
AC9E4LY02,"Students interact with others, and listen to and create spoken and/or multimodal texts including stories., They share and extend ideas, opinions and information with audiences, using relevant details from learnt topics, topics of interest or texts.","Year4-AS-928, Year4-AS-9767"
AC9E4LY03,"They describe how ideas are developed including through characters and events, and how texts reflect contexts., They describe how language features including literary devices, and visual features shape meaning., They describe the characteristic features of different text structures., They read, view and comprehend texts created to inform, influence and/or engage audiences.","Year4-AS-1871, Year4-AS-2446, Year4-AS-3318, Year4-AS-4170"
AC9E4LY04,"They read fluently and accurately, integrating phonic, morphemic, grammatical and punctuation knowledge., They read, view and comprehend texts created to inform, influence and/or engage audiences.","Year4-AS-1871, Year4-AS-5193"
AC9E4LY05,"Students interact with others, and listen to and create spoken and/or multimodal texts including stories., They read, view and comprehend texts created to inform, influence and/or engage audiences.","Year4-AS-1871, Year4-AS-9767"
AC9E4LY06,"They create written and/or multimodal texts including stories for purposes and audiences, where they develop ideas using details from learnt topics, topics of interest or texts., They spell words including multisyllabic and multimorphemic words with irregular spelling patterns, using phonic, morphemic and grammatical knowledge., They use language features including complex sentences, topic-specific vocabulary and literary devices, and/or visual features., They use paragraphs to organise and link ideas.","Year4-AS-4250, Year4-AS-5067, Year4-AS-8934, Year4-AS-9414"
AC9E4LY07,"Students interact with others, and listen to and create spoken and/or multimodal texts including stories., They share and extend ideas, opinions and information with audiences, using relevant details from learnt topics, topics of interest or texts., They use language features including subjective and objective language, topic-specific vocabulary and literary devices, and/or visual features and features of voice., They use text structures to organise and link ideas.","Year4-AS-5015, Year4-AS-60, Year4-AS-928, Year4-AS-9767"
AC9E4LY08,They write texts using clearly formed letters with developing fluency.,Year4-AS-6723
AC9E4LY09,"They read fluently and accurately, integrating phonic, morphemic, grammatical and punctuation knowledge., They spell words including multisyllabic and multimorphemic words with irregular spelling patterns, using phonic, morphemic and grammatical knowledge.","Year4-AS-4250, Year4-AS-5193"
AC9E4LY10,"They spell words including multisyllabic and multimorphemic words with irregular spelling patterns, using phonic, morphemic and grammatical knowledge.",Year4-AS-4250
AC9E4LY11,"They read fluently and accurately, integrating phonic, morphemic, grammatical and punctuation knowledge., They spell words including multisyllabic and multimorphemic words with irregular spelling patterns, using phonic, morphemic and grammatical knowledge.","Year4-AS-4250, Year4-AS-5193"
AC9E5LA01,"Students interact with others, and listen to and create spoken and/or multimodal texts including literary texts.","Year5-AS-4583, Year6-AS-4583"
AC9E5LA02,"For particular purposes and audiences, they share, develop and expand on ideas and opinions, using supporting details from topics or texts., They create written and/or multimodal texts, including literary texts, for particular purposes and audiences, developing and expanding on ideas with supporting details from topics or texts., They explain how ideas are developed including through characters, settings and/or events, and how texts reflect contexts.","Year5-AS-3623, Year5-AS-3971, Year5-AS-5732"
AC9E5LA03,"They create written and/or multimodal texts, including literary texts, for particular purposes and audiences, developing and expanding on ideas with supporting details from topics or texts., They explain how characteristic text structures support the purpose of texts., They explain how ideas are developed including through characters, settings and/or events, and how texts reflect contexts., They explain how language features including literary devices, and visual features contribute to the effect and meaning of a text., They use different text structures to organise, develop and link ideas., They use language features including complex sentences, tenses, topic-specific vocabulary and literary devices, and/or multimodal features., They use language features including topic-specific vocabulary and literary devices, and/or multimodal features and features of voice., They use paragraphs to organise, develop and link ideas.","Year5-AS-1457, Year5-AS-3608, Year5-AS-3623, Year5-AS-3971, Year5-AS-5159, Year5-AS-7048, Year5-AS-8790, Year5-AS-9228"
AC9E5LA04,"They create written and/or multimodal texts, including literary texts, for particular purposes and audiences, developing and expanding on ideas with supporting details from topics or texts., They explain how characteristic text structures support the purpose of texts., They explain how ideas are developed including through characters, settings and/or events, and how texts reflect contexts., They use paragraphs to organise, develop and link ideas.","Year5-AS-3623, Year5-AS-3971, Year5-AS-5159, Year5-AS-7048"
AC9E5LA05,"They create written and/or multimodal texts, including literary texts, for particular purposes and audiences, developing and expanding on ideas with supporting details from topics or texts., They explain how ideas are developed including through characters, settings and/or events, and how texts reflect contexts., They explain how language features including literary devices, and visual features contribute to the effect and meaning of a text., They use language features including complex sentences, tenses, topic-specific vocabulary and literary devices, and/or multimodal features.","Year5-AS-1457, Year5-AS-3623, Year5-AS-3971, Year5-AS-9228"
AC9E5LA06,"They create written and/or multimodal texts, including literary texts, for particular purposes and audiences, developing and expanding on ideas with supporting details from topics or texts., They explain how ideas are developed including through characters, settings and/or events, and how texts reflect contexts., They explain how language features including literary devices, and visual features contribute to the effect and meaning of a text., They use language features including complex sentences, tenses, topic-specific vocabulary and literary devices, and/or multimodal features.","Year5-AS-1457, Year5-AS-3623, Year5-AS-3971, Year5-AS-9228"
AC9E5LA07,"For particular purposes and audiences, they share, develop and expand on ideas and opinions, using supporting details from topics or texts., Students interact with others, and listen to and create spoken and/or multimodal texts including literary texts., They create written and/or multimodal texts, including literary texts, for particular purposes and audiences, developing and expanding on ideas with supporting details from topics or texts., They explain how ideas are developed including through characters, settings and/or events, and how texts reflect contexts., They explain how language features including literary devices, and visual features contribute to the effect and meaning of a text., They read, view and comprehend texts created to inform, influence and/or engage audiences., They use language features including complex sentences, tenses, topic-specific vocabulary and literary devices, and/or multimodal features., They use language features including topic-specific vocabulary and literary devices, and/or multimodal features and features of voice.","Year5-AS-1457, Year5-AS-1871, Year5-AS-3623, Year5-AS-3971, Year5-AS-4583, Year5-AS-5732, Year5-AS-8790, Year5-AS-9228"
AC9E5LA08,"Students interact with others, and listen to and create spoken and/or multimodal texts including literary texts., They explain how language features including literary devices, and visual features contribute to the effect and meaning of a text., They read, view and comprehend texts created to inform, influence and/or engage audiences., They use language features including complex sentences, tenses, topic-specific vocabulary and literary devices, and/or multimodal features., They use language features including topic-specific vocabulary and literary devices, and/or multimodal features and features of voice.","Year5-AS-1457, Year5-AS-1871, Year5-AS-4583, Year5-AS-8790, Year5-AS-9228"
AC9E5LA09,"They explain how language features including literary devices, and visual features contribute to the effect and meaning of a text., They use language features including complex sentences, tenses, topic-specific vocabulary and literary devices, and/or multimodal features.","Year5-AS-1457, Year5-AS-9228"
AC9E5LE01,"They explain how ideas are developed including through characters, settings and/or events, and how texts reflect contexts., They read, view and comprehend texts created to inform, influence and/or engage audiences.","Year5-AS-1871, Year5-AS-3623"
AC9E5LE02,"For particular purposes and audiences, they share, develop and expand on ideas and opinions, using supporting details from topics or texts., Students interact with others, and listen to and create spoken and/or multimodal texts including literary texts., They create written and/or multimodal texts, including literary texts, for particular purposes and audiences, developing and expanding on ideas with supporting details from topics or texts.","Year5-AS-3971, Year5-AS-4583, Year5-AS-5732"
AC9E5LE03,"They explain how ideas are developed including through characters, settings and/or events, and how texts reflect contexts., They explain how language features including literary devices, and visual features contribute to the effect and meaning of a text., They read, view and comprehend texts created to inform, influence and/or engage audiences.","Year5-AS-1871, Year5-AS-3623, Year5-AS-9228"
AC9E5LE04,"For particular purposes and audiences, they share, develop and expand on ideas and opinions, using supporting details from topics or texts., They explain how language features including literary devices, and visual features contribute to the effect and meaning of a text., They read, view and comprehend texts created to inform, influence and/or engage audiences., They use language features including topic-specific vocabulary and literary devices, and/or multimodal features and features of voice.","Year5-AS-1871, Year5-AS-5732, Year5-AS-8790, Year5-AS-9228"
AC9E5LE05,"Students interact with others, and listen to and create spoken and/or multimodal texts including literary texts., They create written and/or multimodal texts, including literary texts, for particular purposes and audiences, developing and expanding on ideas with supporting details from topics or texts., They use different text structures to organise, develop and link ideas., They use language features including complex sentences, tenses, topic-specific vocabulary and literary devices, and/or multimodal features., They use language features including topic-specific vocabulary and literary devices, and/or multimodal features and features of voice., They use paragraphs to organise, develop and link ideas.","Year5-AS-1457, Year5-AS-3608, Year5-AS-3971, Year5-AS-4583, Year5-AS-5159, Year5-AS-8790"
AC9E5LY01,"They explain how ideas are developed including through characters, settings and/or events, and how texts reflect contexts., They explain how language features including literary devices, and visual features contribute to the effect and meaning of a text.","Year5-AS-3623, Year5-AS-9228"
AC9E5LY02,"For particular purposes and audiences, they share, develop and expand on ideas and opinions, using supporting details from topics or texts., Students interact with others, and listen to and create spoken and/or multimodal texts including literary texts.","Year5-AS-4583, Year5-AS-5732"
AC9E5LY03,"They explain how characteristic text structures support the purpose of texts., They explain how ideas are developed including through characters, settings and/or events, and how texts reflect contexts., They explain how language features including literary devices, and visual features contribute to the effect and meaning of a text.","Year5-AS-3623, Year5-AS-7048, Year5-AS-9228"
AC9E5LY04,"They explain how characteristic text structures support the purpose of texts., They read, view and comprehend texts created to inform, influence and/or engage audiences.","Year5-AS-1871, Year5-AS-7048"
AC9E5LY05,"Students interact with others, and listen to and create spoken and/or multimodal texts including literary texts., They read, view and comprehend texts created to inform, influence and/or engage audiences.","Year5-AS-1871, Year5-AS-4583"
AC9E5LY06,"They create written and/or multimodal texts, including literary texts, for particular purposes and audiences, developing and expanding on ideas with supporting details from topics or texts., They use paragraphs to organise, develop and link ideas.","Year5-AS-1457, Year5-AS-3971, Year5-AS-5159"
AC9E5LY06,"They use language features including complex sentences, tenses, topic-specific vocabulary and literary devices, and/or multimodal features.","Year5-AS-1457, Year5-AS-3971, Year5-AS-5159"
AC9E5LY07,"For particular purposes and audiences, they share, develop and expand on ideas and opinions, using supporting details from topics or texts., Students interact with others, and listen to and create spoken and/or multimodal texts including literary texts., They use different text structures to organise, develop and link ideas., They use language features including topic-specific vocabulary and literary devices, and/or multimodal features and features of voice.","Year5-AS-3608, Year5-AS-4583, Year5-AS-5732, Year5-AS-8790"
AC9E5LY08,"They read, view and comprehend texts created to inform, influence and/or engage audiences., They spell using phonic, morphemic and grammatical knowledge.","Year5-AS-1765, Year5-AS-1871"
AC9E5LY09,"They spell using phonic, morphemic and grammatical knowledge.","Year5-AS-1765, Year6-AS-1765"
AC9E5LY10,"They spell using phonic, morphemic and grammatical knowledge.","Year5-AS-1765, Year6-AS-1765"
AC9E6LA01,"Students interact with others, and listen to and create spoken and/or multimodal texts including literary texts., They use and vary language features including topic-specific vocabulary-and literary devices, and/or multimodal features and features of voice.","Year6-AS-4583, Year6-AS-9842"
AC9E6LA02,"For particular purposes and audiences, they share, develop, explain and elaborate on ideas from topics or texts., They explain how language features including literary devices, and visual features influence audiences., They use and vary language features including topic-specific vocabulary-and literary devices, and/or multimodal features and features of voice.","Year6-AS-3385, Year6-AS-7963, Year6-AS-9842"
AC9E6LA03,"They explain how language features including literary devices, and visual features influence audiences., They identify how texts have similar and different text structures to reflect purpose., They identify similarities and differences in how ideas are presented and developed including through characters, settings and/or events, and how texts reflect contexts., They read, view and comprehend different texts created to inform, influence and/or engage audiences., They use and vary language features including sentence structures, topic-specific vocabulary and literary devices, and/or multimodal features., They use and vary language features including topic-specific vocabulary-and literary devices, and/or multimodal features and features of voice., They use and vary text structures to organise, develop and link ideas., They use text structures and vary paragraphs to organise, develop and link ideas.","Year6-AS-3144, Year6-AS-3385, Year6-AS-3548, Year6-AS-71, Year6-AS-828, Year6-AS-8515, Year6-AS-9142, Year6-AS-9842"
AC9E6LA04,"They identify how texts have similar and different text structures to reflect purpose., They use and vary text structures to organise, develop and link ideas., They use text structures and vary paragraphs to organise, develop and link ideas.","Year6-AS-71, Year6-AS-828, Year6-AS-9142"
AC9E6LA05,"They create written and/or multimodal texts, including literary texts, for particular purposes and audiences, developing, explaining and elaborating on relevant ideas from topics or texts., They explain how language features including literary devices, and visual features influence audiences., They identify similarities and differences in how ideas are presented and developed including through characters, settings and/or events, and how texts reflect contexts., They use and vary language features including sentence structures, topic-specific vocabulary and literary devices, and/or multimodal features.","Year6-AS-3144, Year6-AS-3385, Year6-AS-3548, Year6-AS-6237"
AC9E6LA06,"For particular purposes and audiences, they share, develop, explain and elaborate on ideas from topics or texts., They create written and/or multimodal texts, including literary texts, for particular purposes and audiences, developing, explaining and elaborating on relevant ideas from topics or texts., They explain how language features including literary devices, and visual features influence audiences., They identify similarities and differences in how ideas are presented and developed including through characters, settings and/or events, and how texts reflect contexts., They use and vary language features including sentence structures, topic-specific vocabulary and literary devices, and/or multimodal features.","Year6-AS-3144, Year6-AS-3385, Year6-AS-3548, Year6-AS-6237, Year6-AS-7963"
AC9E6LA07,"For particular purposes and audiences, they share, develop, explain and elaborate on ideas from topics or texts., Students interact with others, and listen to and create spoken and/or multimodal texts including literary texts., They create written and/or multimodal texts, including literary texts, for particular purposes and audiences, developing, explaining and elaborating on relevant ideas from topics or texts., They explain how language features including literary devices, and visual features influence audiences., They identify similarities and differences in how ideas are presented and developed including through characters, settings and/or events, and how texts reflect contexts., They read, view and comprehend different texts created to inform, influence and/or engage audiences., They use and vary language features including sentence structures, topic-specific vocabulary and literary devices, and/or multimodal features., They use and vary language features including topic-specific vocabulary-and literary devices, and/or multimodal features and features of voice.","Year6-AS-3144, Year6-AS-3385, Year6-AS-3548, Year6-AS-4583, Year6-AS-6237, Year6-AS-7963, Year6-AS-8515, Year6-AS-9842"
AC9E6LA08,"Students interact with others, and listen to and create spoken and/or multimodal texts including literary texts., They create written and/or multimodal texts, including literary texts, for particular purposes and audiences, developing, explaining and elaborating on relevant ideas from topics or texts., They explain how language features including literary devices, and visual features influence audiences., They read, view and comprehend different texts created to inform, influence and/or engage audiences., They use and vary language features including sentence structures, topic-specific vocabulary and literary devices, and/or multimodal features., They use and vary language features including topic-specific vocabulary-and literary devices, and/or multimodal features and features of voice.","Year6-AS-3385, Year6-AS-3548, Year6-AS-4583, Year6-AS-6237, Year6-AS-8515, Year6-AS-9842"
AC9E6LA09,"They create written and/or multimodal texts, including literary texts, for particular purposes and audiences, developing, explaining and elaborating on relevant ideas from topics or texts., They explain how language features including literary devices, and visual features influence audiences., They use and vary language features including sentence structures, topic-specific vocabulary and literary devices, and/or multimodal features.","Year6-AS-3385, Year6-AS-3548, Year6-AS-6237"
AC9E6LE01,"They identify similarities and differences in how ideas are presented and developed including through characters, settings and/or events, and how texts reflect contexts., They read, view and comprehend different texts created to inform, influence and/or engage audiences.","Year6-AS-3144, Year6-AS-8515"
AC9E6LE02,"For particular purposes and audiences, they share, develop, explain and elaborate on ideas from topics or texts., They explain how language features including literary devices, and visual features influence audiences., They identify how texts have similar and different text structures to reflect purpose., They identify similarities and differences in how ideas are presented and developed including through characters, settings and/or events, and how texts reflect contexts., They read, view and comprehend different texts created to inform, influence and/or engage audiences.","Year6-AS-3144, Year6-AS-3385, Year6-AS-71, Year6-AS-7963, Year6-AS-8515"
AC9E6LE03,"For particular purposes and audiences, they share, develop, explain and elaborate on ideas from topics or texts., They explain how language features including literary devices, and visual features influence audiences., They identify how texts have similar and different text structures to reflect purpose., They identify similarities and differences in how ideas are presented and developed including through characters, settings and/or events, and how texts reflect contexts., They read, view and comprehend different texts created to inform, influence and/or engage audiences.","Year6-AS-3144, Year6-AS-3385, Year6-AS-71, Year6-AS-7963, Year6-AS-8515"
AC9E6LE04,"For particular purposes and audiences, they share, develop, explain and elaborate on ideas from topics or texts., Students interact with others, and listen to and create spoken and/or multimodal texts including literary texts., They explain how language features including literary devices, and visual features influence audiences., They read, view and comprehend different texts created to inform, influence and/or engage audiences., They use and vary language features including topic-specific vocabulary-and literary devices, and/or multimodal features and features of voice.","Year6-AS-3385, Year6-AS-4583, Year6-AS-7963, Year6-AS-8515, Year6-AS-9842"
AC9E6LE05,"Students interact with others, and listen to and create spoken and/or multimodal texts including literary texts., They create written and/or multimodal texts, including literary texts, for particular purposes and audiences, developing, explaining and elaborating on relevant ideas from topics or texts., They use and vary language features including sentence structures, topic-specific vocabulary and literary devices, and/or multimodal features., They use and vary language features including topic-specific vocabulary-and literary devices, and/or multimodal features and features of voice., They use and vary text structures to organise, develop and link ideas., They use text structures and vary paragraphs to organise, develop and link ideas.","Year6-AS-3548, Year6-AS-4583, Year6-AS-6237, Year6-AS-828, Year6-AS-9142, Year6-AS-9842"
AC9E6LY01,"They explain how language features including literary devices, and visual features influence audiences., They identify how texts have similar and different text structures to reflect purpose., They identify similarities and differences in how ideas are presented and developed including through characters, settings and/or events, and how texts reflect contexts., They read, view and comprehend different texts created to inform, influence and/or engage audiences.","Year6-AS-3144, Year6-AS-3385, Year6-AS-71, Year6-AS-8515"
AC9E6LY02,"For particular purposes and audiences, they share, develop, explain and elaborate on ideas from topics or texts., Students interact with others, and listen to and create spoken and/or multimodal texts including literary texts.","Year6-AS-4583, Year6-AS-7963"
AC9E6LY03,"They explain how language features including literary devices, and visual features influence audiences., They identify how texts have similar and different text structures to reflect purpose., They identify similarities and differences in how ideas are presented and developed including through characters, settings and/or events, and how texts reflect contexts., They read, view and comprehend different texts created to inform, influence and/or engage audiences.","Year6-AS-3144, Year6-AS-3385, Year6-AS-71, Year6-AS-8515"
AC9E6LY04,"They identify how texts have similar and different text structures to reflect purpose., They read, view and comprehend different texts created to inform, influence and/or engage audiences.","Year6-AS-71, Year6-AS-8515"
AC9E6LY05,"Students interact with others, and listen to and create spoken and/or multimodal texts including literary texts., They read, view and comprehend different texts created to inform, influence and/or engage audiences.","Year6-AS-4583, Year6-AS-8515"
AC9E6LY06,"They create written and/or multimodal texts, including literary texts, for particular purposes and audiences, developing, explaining and elaborating on relevant ideas from topics or texts., They use and vary language features including sentence structures, topic-specific vocabulary and literary devices, and/or multimodal features.","Year6-AS-3548, Year6-AS-6237, Year6-AS-828"
AC9E6LY06,"They use text structures and vary paragraphs to organise, develop and link ideas.","Year6-AS-3548, Year6-AS-6237, Year6-AS-828"
AC9E6LY07,"For particular purposes and audiences, they share, develop, explain and elaborate on ideas from topics or texts., Students interact with others, and listen to and create spoken and/or multimodal texts including literary texts., They use and vary language features including topic-specific vocabulary-and literary devices, and/or multimodal features and features of voice., They use and vary text structures to organise, develop and link ideas.","Year6-AS-4583, Year6-AS-7963, Year6-AS-9142, Year6-AS-9842"
AC9E6LY08,"They read, view and comprehend different texts created to inform, influence and/or engage audiences., They spell using phonic, morphemic and grammatical knowledge.","Year6-AS-1765, Year6-AS-8515"
AC9E6LY09,"They spell using phonic, morphemic and grammatical knowledge.","Year5-AS-1765, Year6-AS-1765"
AC9EFLA01,"Students listen to texts, interact with others and create short spoken texts, including retelling stories.",Prep-AS-4617
AC9EFLA02,"They share thoughts and preferences, retell events and report information or key ideas to an audience., They use language features including words and phrases from learning and texts.","Prep-AS-6288, Prep-AS-6759"
AC9EFLA03,They identify the language features of texts including connections between print and images.,Prep-AS-9779
AC9EFLA04,"They create short written texts, including retelling stories using words and images where appropriate., They identify the language features of texts including connections between print and images.","Prep-AS-1020, Prep-AS-9779"
AC9EFLA05,"They create short written texts, including retelling stories using words and images where appropriate., They identify the language features of texts including connections between print and images., They retell, report information and state their thoughts, feelings and key ideas.","Prep-AS-1020, Prep-AS-4200, Prep-AS-9779"
AC9EFLA06,"They create short written texts, including retelling stories using words and images where appropriate., They identify the language features of texts including connections between print and images., They retell, report information and state their thoughts, feelings and key ideas.","Prep-AS-1020, Prep-AS-4200, Prep-AS-9779"
AC9EFLA07,"They create short written texts, including retelling stories using words and images where appropriate., They identify the language features of texts including connections between print and images., They read, view and comprehend texts, making connections between characters, settings and events, and to personal experiences., They retell, report information and state their thoughts, feelings and key ideas.","Prep-AS-1020, Prep-AS-4200, Prep-AS-8043, Prep-AS-9779"
AC9EFLA08,"They identify the language features of texts including connections between print and images., They read, view and comprehend texts, making connections between characters, settings and events, and to personal experiences., They use words and phrases from learning and texts.","Prep-AS-1683, Prep-AS-6288, Prep-AS-8043, Prep-AS-9779"
AC9EFLA08,They use language features including words and phrases from learning and texts.,"Prep-AS-1683, Prep-AS-6288, Prep-AS-8043, Prep-AS-9779"
AC9EFLA09,"They form letters, spell most consonant–vowel–consonant words and experiment with capital letters and full stops., They identify the language features of texts including connections between print and images.","Prep-AS-4505, Prep-AS-9779"
AC9EFLE01,"They read, view and comprehend texts, making connections between characters, settings and events, and to personal experiences., They share thoughts and preferences, retell events and report information or key ideas to an audience.","Prep-AS-6759, Prep-AS-8043"
AC9EFLE02,"They read, view and comprehend texts, making connections between characters, settings and events, and to personal experiences., They retell, report information and state their thoughts, feelings and key ideas.","Prep-AS-4200, Prep-AS-6759, Prep-AS-8043"
AC9EFLE02,"They share thoughts and preferences, retell events and report information or key ideas to an audience.","Prep-AS-4200, Prep-AS-6759, Prep-AS-8043"
AC9EFLE03,"They identify the language features of texts including connections between print and images., They read, view and comprehend texts, making connections between characters, settings and events, and to personal experiences.","Prep-AS-8043, Prep-AS-9779"
AC9EFLE04,"They listen for and identify rhymes, letter patterns and sounds (phonemes) in words., They use language features including words and phrases from learning and texts.","Prep-AS-3220, Prep-AS-6288"
AC9EFLE05,"Students listen to texts, interact with others and create short spoken texts, including retelling stories., They create short written texts, including retelling stories using words and images where appropriate., They retell, report information and state their thoughts, feelings and key ideas.","Prep-AS-1020, Prep-AS-4200, Prep-AS-4617"
AC9EFLY01,"They identify the language features of texts including connections between print and images., They read, view and comprehend texts, making connections between characters, settings and events, and to personal experiences.","Prep-AS-8043, Prep-AS-9779"
AC9EFLY02,"Students listen to texts, interact with others and create short spoken texts, including retelling stories.","Prep-AS-4617, Prep-AS-6759"
AC9EFLY02,"They share thoughts and preferences, retell events and report information or key ideas to an audience.","Prep-AS-4617, Prep-AS-6759"
AC9EFLY03,"They identify the language features of texts including connections between print and images., They read, view and comprehend texts, making connections between characters, settings and events, and to personal experiences.","Prep-AS-8043, Prep-AS-9779"
AC9EFLY04,"They read, view and comprehend texts, making connections between characters, settings and events, and to personal experiences.",Prep-AS-8043
AC9EFLY05,"Students listen to texts, interact with others and create short spoken texts, including retelling stories.","Prep-AS-4617, Prep-AS-8043"
AC9EFLY05,"They read, view and comprehend texts, making connections between characters, settings and events, and to personal experiences.","Prep-AS-4617, Prep-AS-8043"
AC9EFLY06,"They create short written texts, including retelling stories using words and images where appropriate., They form letters, spell most consonant–vowel–consonant words and experiment with capital letters and full stops., They use words and phrases from learning and texts.","Prep-AS-1020, Prep-AS-1683, Prep-AS-4200, Prep-AS-4505"
AC9EFLY06,"They retell, report information and state their thoughts, feelings and key ideas.","Prep-AS-1020, Prep-AS-1683, Prep-AS-4200, Prep-AS-4505"
AC9EFLY07,"Students listen to texts, interact with others and create short spoken texts, including retelling stories., They share thoughts and preferences, retell events and report information or key ideas to an audience.","Prep-AS-4617, Prep-AS-6759"
AC9EFLY08,"They form letters, spell most consonant–vowel–consonant words and experiment with capital letters and full stops.",Prep-AS-4505
AC9EFLY09,"They listen for and identify rhymes, letter patterns and sounds (phonemes) in words., They use language features including words and phrases from learning and texts.","Prep-AS-3220, Prep-AS-6288"
AC9EFLY10,They orally blend and segment phonemes in single-syllable words.,Prep-AS-857
AC9EFLY11,"They name the letters of the English alphabet and know and use the most common sounds (phonemes) represented by these letters (graphs)., They read fluently, using phonic, morphemic and grammatical knowledge to read multisyllabic words with more complex letter patterns.","Prep-AS-4930, Year3-AS-1436"
AC9EFLY12,"They form letters, spell most consonant–vowel–consonant words and experiment with capital letters and full stops., They read words including consonant–vowel–consonant words and some high-frequency words.","Prep-AS-132, Prep-AS-4505"
AC9EFLY13,"They form letters, spell most consonant–vowel–consonant words and experiment with capital letters and full stops., They name the letters of the English alphabet and know and use the most common sounds (phonemes) represented by these letters (graphs).","Prep-AS-4505, Prep-AS-4930"
AC9EFLY14,"They form letters, spell most consonant–vowel–consonant words and experiment with capital letters and full stops., They read words including consonant–vowel–consonant words and some high-frequency words.","Prep-AS-132, Prep-AS-4505"
AC9EFLY15,They read words including consonant–vowel–consonant words and some high-frequency words.,Prep-AS-132
